Timestamp,DMM_Voltage,PSU_Voltage,Mode,ESS_State,Cycle,Event
2026-06-25 15:18:26,0.0,0.0,manual,IDLE,0,Waiting
2026-06-25 15:18:48,0.0,0.0,manual,IDLE,0,Waiting
2026-06-25 15:18:49,0.0,0.0,manual,IDLE,0,Waiting
2026-06-25 15:18:50,0.0,0.0,manual,IDLE,0,Waiting
2026-06-25 15:18:51,0.0,0.0,manual,IDLE,0,Waiting
2026-06-25 15:18:52,0.0,0.0,manual,IDLE,0,Waiting
2026-06-25 15:18:53,0.0,0.0,manual,IDLE,0,Waiting
2026-06-25 15:18:55,0.0,0.0,manual,IDLE,0,Waiting
2026-06-25 15:18:56,0.0,0.0,manual,IDLE,0,Waiting
2026-06-25 15:18:58,0.0,0.0,manual,IDLE,0,Waiting
2026-06-25 15:18:59,0.0,0.0,manual,IDLE,0,Waiting
2026-06-25 15:19:01,0.0,0.0,manual,IDLE,0,Waiting
2026-06-25 15:19:02,0.0,0.0,manual,IDLE,0,Waiting
2026-06-25 15:19:02,0.0,0.0,manual,IDLE,0,Waiting
2026-06-25 15:19:03,0.0,0.0,manual,IDLE,0,Waiting
2026-06-25 15:19:04,0.0,0.0,manual,IDLE,0,Waiting
2026-06-25 15:19:05,0.0,0.0,manual,IDLE,0,Waiting
2026-06-25 15:19:05,0.0,0.0,manual,IDLE,0,Waiting
2026-06-25 15:19:07,0.0,0.0,manual,IDLE,0,Waiting
2026-06-25 15:19:08,0.0,0.0,manual,IDLE,0,Waiting
2026-06-25 15:19:09,0.0,0.0,manual,IDLE,0,Waiting
2026-06-25 15:19:11,0.0,0.0,manual,IDLE,0,Waiting
2026-06-25 15:19:12,0.0,0.0,manual,IDLE,0,Waiting
2026-06-25 15:19:14,0.0,0.0,manual,IDLE,0,Waiting
2026-06-25 15:19:15,0.0,0.0,manual,IDLE,0,Waiting
2026-06-25 15:19:17,0.0,0.0,manual,IDLE,0,Waiting
2026-06-25 15:19:18,0.0,0.0,manual,IDLE,0,Waiting
2026-06-25 15:19:20,0.0,0.0,manual,IDLE,0,Waiting
2026-06-25 15:19:21,0.0,0.0,manual,IDLE,0,Waiting
2026-06-25 15:19:27,0.0,0.0,manual,IDLE,0,Waiting
2026-06-25 15:19:30,0.0,0.0,manual,IDLE,0,Waiting
2026-06-25 15:19:30,0.0,0.0,manual,IDLE,0,Waiting
2026-06-25 15:19:32,0.0,0.0,manual,IDLE,0,Waiting
2026-06-25 15:19:33,0.0,0.0,manual,IDLE,0,Waiting
2026-06-25 15:19:35,0.0,0.0,manual,IDLE,0,Waiting
2026-06-25 15:19:36,0.0,0.0,manual,IDLE,0,Waiting
2026-06-25 15:19:39,0.0,0.0,manual,IDLE,0,Waiting
2026-06-25 15:19:41,0.0,0.0,manual,IDLE,0,Waiting
2026-06-25 15:19:42,0.0,0.0,manual,IDLE,0,Waiting
2026-06-25 15:19:44,0.0,0.0,manual,IDLE,0,Waiting
2026-06-25 15:19:46,0.0,0.0,manual,IDLE,0,Waiting
2026-06-25 15:19:47,0.0,0.0,manual,IDLE,0,Waiting
2026-06-25 15:19:48,0.0,0.0,manual,IDLE,0,Waiting
2026-06-25 15:19:50,0.0,0.0,manual,IDLE,0,Waiting
2026-06-25 15:19:51,0.0,0.0,manual,IDLE,0,Waiting
2026-06-25 15:19:53,0.0,2.01,manual,IDLE,0,Waiting
2026-06-25 15:19:54,0.0,0.0,manual,IDLE,0,Waiting
2026-06-25 15:19:56,0.0,0.0,manual,IDLE,0,Waiting
2026-06-25 15:19:57,0.0,0.0,manual,IDLE,0,Waiting
2026-06-25 15:19:59,0.0,0.0,manual,IDLE,0,Waiting
2026-06-25 15:20:00,0.0,0.0,manual,IDLE,0,Waiting
2026-06-25 15:20:02,0.0,0.0,auto,INITIAL_DELAY,0,Waiting Initial Delay
2026-06-25 15:20:03,0.0,0.0,auto,INITIAL_DELAY,0,Waiting Initial Delay
2026-06-25 15:20:05,0.0,0.0,auto,INITIAL_DELAY,0,Waiting Initial Delay
2026-06-25 15:20:06,0.0,0.0,auto,INITIAL_DELAY,0,Waiting Initial Delay
2026-06-25 15:20:08,0.0,0.0,auto,INITIAL_DELAY,0,Waiting Initial Delay
2026-06-25 15:20:09,0.0,0.0,auto,INITIAL_DELAY,0,Waiting Initial Delay
2026-06-25 15:20:11,0.0,0.0,auto,INITIAL_DELAY,0,Waiting Initial Delay
2026-06-25 15:20:18,0.0069,2.008,auto,CYCLE_1_ON,1,Cycle 1 ON
2026-06-25 15:20:18,0.0,2.008,auto,CYCLE_1_OFF,1,Cycle 1 OFF
2026-06-25 15:20:19,0.0,2.008,auto,CYCLE_1_OFF,1,Cycle 1 OFF
2026-06-25 15:20:19,0.0,2.008,auto,CYCLE_1_OFF,1,Cycle 1 OFF
2026-06-25 15:20:19,0.0,2.008,auto,CYCLE_1_OFF,1,Cycle 1 OFF
2026-06-25 15:20:26,0.0072,2.008,auto,CYCLE_2_ON,2,Cycle 2 ON
2026-06-25 15:20:26,0.0,2.008,auto,CYCLE_2_OFF,2,Cycle 2 OFF
2026-06-25 15:20:26,0.0,2.008,auto,CYCLE_2_OFF,2,Cycle 2 OFF
2026-06-25 15:20:26,0.0,2.008,auto,CYCLE_2_OFF,2,Cycle 2 OFF
2026-06-25 15:20:26,0.0,2.008,auto,CYCLE_2_OFF,2,Cycle 2 OFF
2026-06-25 15:20:27,0.0,0.0,auto,CYCLE_2_OFF,2,Cycle 2 OFF
2026-06-25 15:20:35,-0.0132,2.008,auto,CYCLE_3_ON,3,Cycle 3 ON
2026-06-25 15:20:35,0.0,2.008,auto,CYCLE_3_OFF,3,Cycle 3 OFF
2026-06-25 15:20:35,0.0,2.008,auto,CYCLE_3_OFF,3,Cycle 3 OFF
2026-06-25 15:20:35,0.0,2.008,auto,CYCLE_3_OFF,3,Cycle 3 OFF
2026-06-25 15:20:35,0.0,2.008,auto,CYCLE_3_OFF,3,Cycle 3 OFF
2026-06-25 15:20:42,0.0076,2.008,auto,CYCLE_4_ON,4,Cycle 4 ON
2026-06-25 15:20:42,0.0,2.008,auto,CYCLE_4_OFF,4,Cycle 4 OFF
2026-06-25 15:20:43,0.0,2.008,auto,CYCLE_4_OFF,4,Cycle 4 OFF
2026-06-25 15:20:43,0.0,2.008,auto,CYCLE_4_OFF,4,Cycle 4 OFF
2026-06-25 15:20:43,0.0,2.008,auto,CYCLE_4_OFF,4,Cycle 4 OFF
2026-06-25 15:20:44,0.0,0.0,manual,COMPLETE,4,ESS Completed
2026-06-25 15:20:45,0.0,0.0,manual,COMPLETE,4,ESS Completed
2026-06-25 15:20:47,0.0,0.0,manual,COMPLETE,4,ESS Completed
2026-06-25 15:20:48,0.0,0.0,manual,COMPLETE,4,ESS Completed
2026-06-25 15:20:50,0.0,0.0,manual,COMPLETE,4,ESS Completed
2026-06-25 15:20:51,0.0,0.0,manual,COMPLETE,4,ESS Completed
2026-06-25 15:20:53,0.0,0.0,manual,COMPLETE,4,ESS Completed
2026-06-25 15:20:54,0.0,0.0,manual,COMPLETE,4,ESS Completed
2026-06-25 15:20:56,0.0,0.0,manual,COMPLETE,4,ESS Completed
2026-06-25 15:20:57,0.0,0.0,manual,COMPLETE,4,ESS Completed
2026-06-25 15:20:59,0.0,0.0,manual,COMPLETE,4,ESS Completed
2026-06-25 15:21:00,0.0,0.0,manual,COMPLETE,4,ESS Completed
2026-06-25 15:21:02,0.0,0.0,manual,COMPLETE,4,ESS Completed
2026-06-25 15:21:03,0.0,0.0,manual,COMPLETE,4,ESS Completed
2026-06-25 15:21:05,0.0,0.0,manual,COMPLETE,4,ESS Completed
2026-06-25 15:21:06,0.0,0.0,manual,COMPLETE,4,ESS Completed
2026-06-25 15:21:08,0.0,0.0,manual,COMPLETE,4,ESS Completed
2026-06-25 15:21:09,0.0,0.0,manual,COMPLETE,4,ESS Completed
2026-06-25 15:21:11,0.0,0.0,manual,COMPLETE,4,ESS Completed
2026-06-25 15:21:12,0.0,0.0,manual,COMPLETE,4,ESS Completed
2026-06-25 15:21:14,0.0,0.0,manual,COMPLETE,4,ESS Completed
2026-06-25 15:21:15,0.0,0.0,manual,COMPLETE,4,ESS Completed
2026-06-25 15:21:17,0.0,0.0,manual,COMPLETE,4,ESS Completed
2026-06-25 15:21:18,0.0,0.0,manual,COMPLETE,4,ESS Completed
2026-06-25 15:21:20,0.0,0.0,manual,COMPLETE,4,ESS Completed
2026-06-25 15:21:21,0.0,0.0,manual,COMPLETE,4,ESS Completed
2026-06-25 15:21:23,0.0,0.0,manual,COMPLETE,4,ESS Completed
2026-06-25 15:21:24,0.0,0.0,manual,COMPLETE,4,ESS Completed
2026-06-25 15:21:26,0.0,0.0,manual,COMPLETE,4,ESS Completed
2026-06-25 15:21:27,0.0,0.0,manual,COMPLETE,4,ESS Completed
2026-06-25 15:21:29,0.0,0.0,manual,COMPLETE,4,ESS Completed
2026-06-25 15:21:30,0.0,0.0,auto,INITIAL_DELAY,0,Waiting Initial Delay
2026-06-25 15:21:32,0.0,0.0,auto,INITIAL_DELAY,0,Waiting Initial Delay
2026-06-25 15:21:33,0.0,0.0,auto,INITIAL_DELAY,0,Waiting Initial Delay
2026-06-25 15:21:35,0.0,0.0,auto,INITIAL_DELAY,0,Waiting Initial Delay
2026-06-25 15:21:36,0.0,0.0,auto,INITIAL_DELAY,0,Waiting Initial Delay
2026-06-25 15:21:38,0.0,0.0,auto,INITIAL_DELAY,0,Waiting Initial Delay
2026-06-25 15:21:39,0.0,0.0,auto,INITIAL_DELAY,0,Waiting Initial Delay
2026-06-25 15:21:47,-0.0122,2.008,auto,CYCLE_1_ON,1,Cycle 1 ON
2026-06-25 15:21:54,2.0067,2.008,auto,CYCLE_1_ON,1,Cycle 1 ON
2026-06-25 15:21:54,0.0,2.008,auto,CYCLE_1_OFF,1,Cycle 1 OFF
2026-06-25 15:21:54,0.0,2.008,auto,CYCLE_1_OFF,1,Cycle 1 OFF
2026-06-25 15:21:54,0.0,2.008,auto,CYCLE_1_OFF,1,Cycle 1 OFF
2026-06-25 15:21:54,0.0,2.008,auto,CYCLE_1_OFF,1,Cycle 1 OFF
2026-06-25 15:21:54,0.0,2.008,auto,CYCLE_1_OFF,1,Cycle 1 OFF
2026-06-25 15:21:54,0.0,2.008,auto,CYCLE_1_OFF,1,Cycle 1 OFF
2026-06-25 15:21:54,0.0,2.008,auto,CYCLE_1_OFF,1,Cycle 1 OFF
2026-06-25 15:21:54,0.0,2.008,auto,CYCLE_1_OFF,1,Cycle 1 OFF
2026-06-25 15:21:56,0.0,0.0,auto,CYCLE_1_OFF,1,Cycle 1 OFF
2026-06-25 15:21:57,0.0,0.0,auto,CYCLE_1_OFF,1,Cycle 1 OFF
2026-06-25 15:21:59,0.0,0.0,auto,CYCLE_1_OFF,1,Cycle 1 OFF
2026-06-25 15:22:00,0.0,0.0,auto,CYCLE_1_OFF,1,Cycle 1 OFF
2026-06-25 15:22:02,0.0,0.0,auto,CYCLE_1_OFF,1,Cycle 1 OFF
2026-06-25 15:22:03,0.0,0.0,auto,CYCLE_1_OFF,1,Cycle 1 OFF
2026-06-25 15:22:05,0.0,0.0,auto,CYCLE_1_OFF,1,Cycle 1 OFF
2026-06-25 15:22:06,0.0,0.0,auto,CYCLE_1_OFF,1,Cycle 1 OFF
2026-06-25 15:22:08,0.0,0.0,auto,CYCLE_1_OFF,1,Cycle 1 OFF
2026-06-25 15:22:16,-0.0133,2.008,auto,CYCLE_2_ON,2,Cycle 2 ON
2026-06-25 15:22:23,2.0067,2.008,auto,CYCLE_2_ON,2,Cycle 2 ON
2026-06-25 15:22:23,0.0,2.008,auto,CYCLE_2_OFF,2,Cycle 2 OFF
2026-06-25 15:22:23,0.0,2.008,auto,CYCLE_2_OFF,2,Cycle 2 OFF
2026-06-25 15:22:23,0.0,2.008,auto,CYCLE_2_OFF,2,Cycle 2 OFF
2026-06-25 15:22:23,0.0,2.008,auto,CYCLE_2_OFF,2,Cycle 2 OFF
2026-06-25 15:22:23,0.0,2.008,auto,CYCLE_2_OFF,2,Cycle 2 OFF
2026-06-25 15:22:23,0.0,2.008,auto,CYCLE_2_OFF,2,Cycle 2 OFF
2026-06-25 15:22:23,0.0,2.008,auto,CYCLE_2_OFF,2,Cycle 2 OFF
2026-06-25 15:22:23,0.0,2.008,auto,CYCLE_2_OFF,2,Cycle 2 OFF
2026-06-25 15:22:24,0.0,0.0,auto,CYCLE_2_OFF,2,Cycle 2 OFF
2026-06-25 15:22:26,0.0,0.0,auto,CYCLE_2_OFF,2,Cycle 2 OFF
2026-06-25 15:22:27,0.0,0.0,auto,CYCLE_2_OFF,2,Cycle 2 OFF
2026-06-25 15:22:29,0.0,0.0,auto,CYCLE_2_OFF,2,Cycle 2 OFF
2026-06-25 15:22:30,0.0,0.0,auto,CYCLE_2_OFF,2,Cycle 2 OFF
2026-06-25 15:22:32,0.0,0.0,auto,CYCLE_2_OFF,2,Cycle 2 OFF
2026-06-25 15:22:33,0.0,0.0,auto,CYCLE_2_OFF,2,Cycle 2 OFF
2026-06-25 15:22:35,0.0,0.0,auto,CYCLE_2_OFF,2,Cycle 2 OFF
2026-06-25 15:22:43,2.0066,2.008,auto,CYCLE_3_ON,3,Cycle 3 ON
2026-06-25 15:22:50,2.0068,2.008,auto,CYCLE_3_ON,3,Cycle 3 ON
2026-06-25 15:22:50,0.0,2.008,auto,CYCLE_3_OFF,3,Cycle 3 OFF
2026-06-25 15:22:50,0.0,2.008,auto,CYCLE_3_OFF,3,Cycle 3 OFF
2026-06-25 15:22:50,0.0,2.008,auto,CYCLE_3_OFF,3,Cycle 3 OFF
2026-06-25 15:22:50,0.0,2.008,auto,CYCLE_3_OFF,3,Cycle 3 OFF
2026-06-25 15:22:50,0.0,2.008,auto,CYCLE_3_OFF,3,Cycle 3 OFF
2026-06-25 15:22:50,0.0,2.008,auto,CYCLE_3_OFF,3,Cycle 3 OFF
2026-06-25 15:22:50,0.0,2.008,auto,CYCLE_3_OFF,3,Cycle 3 OFF
2026-06-25 15:22:50,0.0,2.008,auto,CYCLE_3_OFF,3,Cycle 3 OFF
2026-06-25 15:22:51,0.0,2.008,auto,CYCLE_3_OFF,3,Cycle 3 OFF
2026-06-25 15:22:53,0.0,0.0,auto,CYCLE_3_OFF,3,Cycle 3 OFF
2026-06-25 15:22:54,0.0,0.0,auto,CYCLE_3_OFF,3,Cycle 3 OFF
2026-06-25 15:22:56,0.0,0.0,auto,CYCLE_3_OFF,3,Cycle 3 OFF
2026-06-25 15:22:57,0.0,0.0,auto,CYCLE_3_OFF,3,Cycle 3 OFF
2026-06-25 15:22:59,0.0,0.0,auto,CYCLE_3_OFF,3,Cycle 3 OFF
2026-06-25 15:23:00,0.0,0.0,auto,CYCLE_3_OFF,3,Cycle 3 OFF
2026-06-25 15:23:02,0.0,0.0,auto,CYCLE_3_OFF,3,Cycle 3 OFF
2026-06-25 15:23:03,0.0,0.0,auto,CYCLE_3_OFF,3,Cycle 3 OFF
2026-06-25 15:23:11,-0.0064,2.008,auto,CYCLE_4_ON,4,Cycle 4 ON
2026-06-25 15:23:18,2.0068,2.008,auto,CYCLE_4_ON,4,Cycle 4 ON
2026-06-25 15:23:18,0.0,2.008,auto,CYCLE_4_OFF,4,Cycle 4 OFF
2026-06-25 15:23:18,0.0,2.008,auto,CYCLE_4_OFF,4,Cycle 4 OFF
2026-06-25 15:23:18,0.0,2.008,auto,CYCLE_4_OFF,4,Cycle 4 OFF
2026-06-25 15:23:18,0.0,2.008,auto,CYCLE_4_OFF,4,Cycle 4 OFF
2026-06-25 15:23:18,0.0,2.008,auto,CYCLE_4_OFF,4,Cycle 4 OFF
2026-06-25 15:23:18,0.0,2.008,auto,CYCLE_4_OFF,4,Cycle 4 OFF
2026-06-25 15:23:18,0.0,2.008,auto,CYCLE_4_OFF,4,Cycle 4 OFF
2026-06-25 15:23:18,0.0,2.008,auto,CYCLE_4_OFF,4,Cycle 4 OFF
2026-06-25 15:23:20,0.0,0.0,auto,CYCLE_4_OFF,4,Cycle 4 OFF
2026-06-25 15:23:21,0.0,0.0,auto,CYCLE_4_OFF,4,Cycle 4 OFF
2026-06-25 15:23:23,0.0,0.0,auto,CYCLE_4_OFF,4,Cycle 4 OFF
2026-06-25 15:23:24,0.0,0.0,auto,CYCLE_4_OFF,4,Cycle 4 OFF
2026-06-25 15:23:26,0.0,0.0,auto,CYCLE_4_OFF,4,Cycle 4 OFF
2026-06-25 15:23:27,0.0,0.0,auto,CYCLE_4_OFF,4,Cycle 4 OFF
2026-06-25 15:23:29,0.0,0.0,auto,CYCLE_4_OFF,4,Cycle 4 OFF
2026-06-25 15:23:30,0.0,0.0,auto,CYCLE_4_OFF,4,Cycle 4 OFF
2026-06-25 15:23:32,0.0,0.0,auto,CYCLE_4_OFF,4,Cycle 4 OFF
2026-06-25 15:23:33,0.0,0.0,manual,COMPLETE,4,ESS Completed
2026-06-25 15:23:35,0.0,0.0,manual,COMPLETE,4,ESS Completed
2026-06-25 15:23:36,0.0,0.0,manual,COMPLETE,4,ESS Completed
2026-06-25 15:23:38,0.0,0.0,manual,COMPLETE,4,ESS Completed
2026-06-25 15:23:39,0.0,0.0,manual,COMPLETE,4,ESS Completed
2026-06-25 15:23:41,0.0,0.0,manual,COMPLETE,4,ESS Completed
2026-06-25 15:23:42,0.0,0.0,manual,COMPLETE,4,ESS Completed
2026-06-25 15:23:44,0.0,0.0,manual,COMPLETE,4,ESS Completed
2026-06-25 15:23:45,0.0,0.0,manual,COMPLETE,4,ESS Completed
2026-06-25 15:23:47,0.0,0.0,manual,COMPLETE,4,ESS Completed
2026-06-25 15:23:48,0.0,0.0,manual,COMPLETE,4,ESS Completed
2026-06-25 15:23:50,0.0,0.0,manual,COMPLETE,4,ESS Completed
2026-06-25 15:23:51,0.0,0.0,auto,INITIAL_DELAY,0,Waiting Initial Delay
2026-06-25 15:23:53,0.0,0.0,auto,INITIAL_DELAY,0,Waiting Initial Delay
2026-06-25 15:23:54,0.0,0.0,auto,INITIAL_DELAY,0,Waiting Initial Delay
2026-06-25 15:23:56,0.0,0.0,auto,INITIAL_DELAY,0,Waiting Initial Delay
2026-06-25 15:23:57,0.0,0.0,auto,INITIAL_DELAY,0,Waiting Initial Delay
2026-06-25 15:23:59,0.0,0.0,auto,INITIAL_DELAY,0,Waiting Initial Delay
2026-06-25 15:24:00,0.0,0.0,auto,INITIAL_DELAY,0,Waiting Initial Delay
2026-06-25 15:24:08,-0.0076,2.008,auto,CYCLE_1_ON,1,Cycle 1 ON
2026-06-25 15:24:15,2.0069,2.008,auto,CYCLE_1_ON,1,Cycle 1 ON
2026-06-25 15:24:15,0.0,2.008,auto,CYCLE_1_OFF,1,Cycle 1 OFF
2026-06-25 15:24:15,0.0,2.008,auto,CYCLE_1_OFF,1,Cycle 1 OFF
2026-06-25 15:24:15,0.0,2.008,auto,CYCLE_1_OFF,1,Cycle 1 OFF
2026-06-25 15:24:15,0.0,2.008,auto,CYCLE_1_OFF,1,Cycle 1 OFF
2026-06-25 15:24:15,0.0,2.008,auto,CYCLE_1_OFF,1,Cycle 1 OFF
2026-06-25 15:24:15,0.0,2.008,auto,CYCLE_1_OFF,1,Cycle 1 OFF
2026-06-25 15:24:15,0.0,2.008,auto,CYCLE_1_OFF,1,Cycle 1 OFF
2026-06-25 15:24:15,0.0,2.008,auto,CYCLE_1_OFF,1,Cycle 1 OFF
2026-06-25 15:24:17,0.0,0.0,auto,CYCLE_1_OFF,1,Cycle 1 OFF
2026-06-25 15:24:18,0.0,0.0,auto,CYCLE_1_OFF,1,Cycle 1 OFF
2026-06-25 15:24:20,0.0,0.0,auto,CYCLE_1_OFF,1,Cycle 1 OFF
2026-06-25 15:24:21,0.0,0.0,auto,CYCLE_1_OFF,1,Cycle 1 OFF
2026-06-25 15:24:23,0.0,0.0,auto,CYCLE_1_OFF,1,Cycle 1 OFF
2026-06-25 15:24:24,0.0,0.0,auto,CYCLE_1_OFF,1,Cycle 1 OFF
2026-06-25 15:24:26,0.0,0.0,auto,CYCLE_1_OFF,1,Cycle 1 OFF
2026-06-25 15:24:27,0.0,0.0,auto,CYCLE_1_OFF,1,Cycle 1 OFF
2026-06-25 15:24:29,0.0,0.0,auto,CYCLE_1_OFF,1,Cycle 1 OFF
2026-06-25 15:24:36,-0.0087,2.008,auto,CYCLE_2_ON,2,Cycle 2 ON
2026-06-25 15:24:44,2.0069,2.008,auto,CYCLE_2_ON,2,Cycle 2 ON
2026-06-25 15:24:44,0.0,2.008,auto,CYCLE_2_OFF,2,Cycle 2 OFF
2026-06-25 15:24:44,0.0,2.008,auto,CYCLE_2_OFF,2,Cycle 2 OFF
2026-06-25 15:24:44,0.0,2.008,auto,CYCLE_2_OFF,2,Cycle 2 OFF
2026-06-25 15:24:44,0.0,2.008,auto,CYCLE_2_OFF,2,Cycle 2 OFF
2026-06-25 15:24:44,0.0,2.008,auto,CYCLE_2_OFF,2,Cycle 2 OFF
2026-06-25 15:24:44,0.0,2.008,auto,CYCLE_2_OFF,2,Cycle 2 OFF
2026-06-25 15:24:44,0.0,2.008,auto,CYCLE_2_OFF,2,Cycle 2 OFF
2026-06-25 15:24:44,0.0,2.008,auto,CYCLE_2_OFF,2,Cycle 2 OFF
2026-06-25 15:24:45,0.0,0.0,auto,CYCLE_2_OFF,2,Cycle 2 OFF
2026-06-25 15:24:47,0.0,0.0,auto,CYCLE_2_OFF,2,Cycle 2 OFF
2026-06-25 15:24:48,0.0,0.0,auto,CYCLE_2_OFF,2,Cycle 2 OFF
2026-06-25 15:24:50,0.0,0.0,auto,CYCLE_2_OFF,2,Cycle 2 OFF
2026-06-25 15:24:51,0.0,0.0,auto,CYCLE_2_OFF,2,Cycle 2 OFF
2026-06-25 15:24:53,0.0,0.0,auto,CYCLE_2_OFF,2,Cycle 2 OFF
2026-06-25 15:24:54,0.0,0.0,auto,CYCLE_2_OFF,2,Cycle 2 OFF
2026-06-25 15:24:56,0.0,0.0,auto,CYCLE_2_OFF,2,Cycle 2 OFF
2026-06-25 15:25:03,0.0046,2.008,auto,CYCLE_3_ON,3,Cycle 3 ON
2026-06-25 15:25:11,2.0069,2.008,auto,CYCLE_3_ON,3,Cycle 3 ON
2026-06-25 15:25:18,2.0069,2.008,auto,CYCLE_3_ON,3,Cycle 3 ON
2026-06-25 15:25:18,0.0,2.008,auto,CYCLE_3_OFF,3,Cycle 3 OFF
2026-06-25 15:25:18,0.0,2.008,auto,CYCLE_3_OFF,3,Cycle 3 OFF
2026-06-25 15:25:18,0.0,2.008,auto,CYCLE_3_OFF,3,Cycle 3 OFF
2026-06-25 15:25:18,0.0,2.008,auto,CYCLE_3_OFF,3,Cycle 3 OFF
2026-06-25 15:25:18,0.0,2.008,auto,CYCLE_3_OFF,3,Cycle 3 OFF
2026-06-25 15:25:18,0.0,2.008,auto,CYCLE_3_OFF,3,Cycle 3 OFF
2026-06-25 15:25:18,0.0,2.008,auto,CYCLE_3_OFF,3,Cycle 3 OFF
2026-06-25 15:25:18,0.0,2.008,auto,CYCLE_3_OFF,3,Cycle 3 OFF
2026-06-25 15:25:18,0.0,2.008,auto,CYCLE_3_OFF,3,Cycle 3 OFF
2026-06-25 15:25:18,0.0,2.008,auto,CYCLE_3_OFF,3,Cycle 3 OFF
2026-06-25 15:25:18,0.0,2.008,auto,CYCLE_3_OFF,3,Cycle 3 OFF
2026-06-25 15:25:18,0.0,2.008,auto,CYCLE_3_OFF,3,Cycle 3 OFF
2026-06-25 15:25:20,0.0,0.0,auto,CYCLE_3_OFF,3,Cycle 3 OFF
2026-06-25 15:25:21,0.0,0.0,auto,CYCLE_3_OFF,3,Cycle 3 OFF
2026-06-25 15:25:23,0.0,0.0,auto,CYCLE_3_OFF,3,Cycle 3 OFF
2026-06-25 15:25:24,0.0,0.0,auto,CYCLE_3_OFF,3,Cycle 3 OFF
2026-06-25 15:25:32,0.0016,2.008,auto,CYCLE_4_ON,4,Cycle 4 ON
2026-06-25 15:25:39,2.0069,2.008,auto,CYCLE_4_ON,4,Cycle 4 ON
2026-06-25 15:25:39,0.0,2.008,auto,CYCLE_4_OFF,4,Cycle 4 OFF
2026-06-25 15:25:39,0.0,2.008,auto,CYCLE_4_OFF,4,Cycle 4 OFF
2026-06-25 15:25:39,0.0,2.008,auto,CYCLE_4_OFF,4,Cycle 4 OFF
2026-06-25 15:25:39,0.0,2.008,auto,CYCLE_4_OFF,4,Cycle 4 OFF
2026-06-25 15:25:39,0.0,2.008,auto,CYCLE_4_OFF,4,Cycle 4 OFF
2026-06-25 15:25:39,0.0,2.008,auto,CYCLE_4_OFF,4,Cycle 4 OFF
2026-06-25 15:25:39,0.0,2.008,auto,CYCLE_4_OFF,4,Cycle 4 OFF
2026-06-25 15:25:39,0.0,2.008,auto,CYCLE_4_OFF,4,Cycle 4 OFF
2026-06-25 15:25:41,0.0,0.0,auto,CYCLE_4_OFF,4,Cycle 4 OFF
2026-06-25 15:25:42,0.0,0.0,auto,CYCLE_4_OFF,4,Cycle 4 OFF
2026-06-25 15:25:44,0.0,0.0,auto,CYCLE_4_OFF,4,Cycle 4 OFF
2026-06-25 15:25:45,0.0,0.0,auto,CYCLE_4_OFF,4,Cycle 4 OFF
2026-06-25 15:25:47,0.0,0.0,auto,CYCLE_4_OFF,4,Cycle 4 OFF
2026-06-25 15:25:48,0.0,0.0,auto,CYCLE_4_OFF,4,Cycle 4 OFF
2026-06-25 15:25:50,0.0,0.0,auto,CYCLE_4_OFF,4,Cycle 4 OFF
2026-06-25 15:25:51,0.0,0.0,auto,CYCLE_4_OFF,4,Cycle 4 OFF
2026-06-25 15:25:53,0.0,0.0,auto,CYCLE_4_OFF,4,Cycle 4 OFF
2026-06-25 15:26:00,0.0072,2.008,auto,CYCLE_5_ON,5,Cycle 5 ON
2026-06-25 15:26:08,2.0069,2.008,auto,CYCLE_5_ON,5,Cycle 5 ON
2026-06-25 15:26:08,0.0,2.008,auto,CYCLE_5_OFF,5,Cycle 5 OFF
2026-06-25 15:26:08,0.0,2.008,auto,CYCLE_5_OFF,5,Cycle 5 OFF
2026-06-25 15:26:08,0.0,2.008,auto,CYCLE_5_OFF,5,Cycle 5 OFF
2026-06-25 15:26:08,0.0,2.008,auto,CYCLE_5_OFF,5,Cycle 5 OFF
2026-06-25 15:26:08,0.0,2.008,auto,CYCLE_5_OFF,5,Cycle 5 OFF
2026-06-25 15:26:08,0.0,2.008,auto,CYCLE_5_OFF,5,Cycle 5 OFF
2026-06-25 15:26:08,0.0,2.008,auto,CYCLE_5_OFF,5,Cycle 5 OFF
2026-06-25 15:26:08,0.0,2.008,auto,CYCLE_5_OFF,5,Cycle 5 OFF
2026-06-25 15:26:09,0.0,0.0,auto,CYCLE_5_OFF,5,Cycle 5 OFF
2026-06-25 15:26:11,0.0,0.0,auto,CYCLE_5_OFF,5,Cycle 5 OFF
2026-06-25 15:26:12,0.0,0.0,auto,CYCLE_5_OFF,5,Cycle 5 OFF
2026-06-25 15:26:14,0.0,0.0,auto,CYCLE_5_OFF,5,Cycle 5 OFF
2026-06-25 15:26:15,0.0,0.0,auto,CYCLE_5_OFF,5,Cycle 5 OFF
2026-06-25 15:26:17,0.0,0.0,auto,CYCLE_5_OFF,5,Cycle 5 OFF
2026-06-25 15:26:18,0.0,0.0,auto,CYCLE_5_OFF,5,Cycle 5 OFF
2026-06-25 15:26:20,0.0,0.0,auto,CYCLE_5_OFF,5,Cycle 5 OFF
2026-06-25 15:26:27,-0.0136,2.008,auto,CYCLE_6_ON,6,Cycle 6 ON
2026-06-25 15:26:35,2.0069,2.008,auto,CYCLE_6_ON,6,Cycle 6 ON
2026-06-25 15:26:42,2.0069,2.008,auto,CYCLE_6_ON,6,Cycle 6 ON
2026-06-25 15:26:42,0.0,2.008,auto,CYCLE_6_OFF,6,Cycle 6 OFF
2026-06-25 15:26:42,0.0,2.008,auto,CYCLE_6_OFF,6,Cycle 6 OFF
2026-06-25 15:26:42,0.0,2.008,auto,CYCLE_6_OFF,6,Cycle 6 OFF
2026-06-25 15:26:42,0.0,2.008,auto,CYCLE_6_OFF,6,Cycle 6 OFF
2026-06-25 15:26:42,0.0,2.008,auto,CYCLE_6_OFF,6,Cycle 6 OFF
2026-06-25 15:26:42,0.0,2.008,auto,CYCLE_6_OFF,6,Cycle 6 OFF
2026-06-25 15:26:42,0.0,2.008,auto,CYCLE_6_OFF,6,Cycle 6 OFF
2026-06-25 15:26:42,0.0,2.008,auto,CYCLE_6_OFF,6,Cycle 6 OFF
2026-06-25 15:26:42,0.0,2.008,auto,CYCLE_6_OFF,6,Cycle 6 OFF
2026-06-25 15:26:42,0.0,2.008,auto,CYCLE_6_OFF,6,Cycle 6 OFF
2026-06-25 15:26:42,0.0,2.008,auto,CYCLE_6_OFF,6,Cycle 6 OFF
2026-06-25 15:26:42,0.0,2.008,auto,CYCLE_6_OFF,6,Cycle 6 OFF
2026-06-25 15:26:44,0.0,0.0,auto,CYCLE_6_OFF,6,Cycle 6 OFF
2026-06-25 15:26:45,0.0,0.0,auto,CYCLE_6_OFF,6,Cycle 6 OFF
2026-06-25 15:26:47,0.0,0.0,auto,CYCLE_6_OFF,6,Cycle 6 OFF
2026-06-25 15:26:48,0.0,0.0,auto,CYCLE_6_OFF,6,Cycle 6 OFF
2026-06-25 15:26:56,-0.0136,2.008,auto,CYCLE_7_ON,7,Cycle 7 ON
2026-06-25 15:27:03,2.0069,2.008,auto,CYCLE_7_ON,7,Cycle 7 ON
2026-06-25 15:27:03,0.0,2.008,auto,CYCLE_7_OFF,7,Cycle 7 OFF
2026-06-25 15:27:03,0.0,2.008,auto,CYCLE_7_OFF,7,Cycle 7 OFF
2026-06-25 15:27:03,0.0,2.008,auto,CYCLE_7_OFF,7,Cycle 7 OFF
2026-06-25 15:27:03,0.0,2.008,auto,CYCLE_7_OFF,7,Cycle 7 OFF
2026-06-25 15:27:03,0.0,2.008,auto,CYCLE_7_OFF,7,Cycle 7 OFF
2026-06-25 15:27:03,0.0,2.008,auto,CYCLE_7_OFF,7,Cycle 7 OFF
2026-06-25 15:27:03,0.0,2.008,auto,CYCLE_7_OFF,7,Cycle 7 OFF
2026-06-25 15:27:03,0.0,2.008,auto,CYCLE_7_OFF,7,Cycle 7 OFF
2026-06-25 15:27:05,0.0,0.0,auto,CYCLE_7_OFF,7,Cycle 7 OFF
2026-06-25 15:27:06,0.0,0.0,auto,CYCLE_7_OFF,7,Cycle 7 OFF
2026-06-25 15:27:08,0.0,0.0,auto,CYCLE_7_OFF,7,Cycle 7 OFF
2026-06-25 15:27:09,0.0,0.0,auto,CYCLE_7_OFF,7,Cycle 7 OFF
2026-06-25 15:27:11,0.0,0.0,auto,CYCLE_7_OFF,7,Cycle 7 OFF
2026-06-25 15:27:12,0.0,0.0,auto,CYCLE_7_OFF,7,Cycle 7 OFF
2026-06-25 15:27:14,0.0,0.0,auto,CYCLE_7_OFF,7,Cycle 7 OFF
2026-06-25 15:27:15,0.0,0.0,auto,CYCLE_7_OFF,7,Cycle 7 OFF
2026-06-25 15:27:17,0.0,0.0,auto,CYCLE_7_OFF,7,Cycle 7 OFF
2026-06-25 15:27:24,-0.0134,2.008,auto,CYCLE_8_ON,8,Cycle 8 ON
2026-06-25 15:27:32,2.0069,2.008,auto,CYCLE_8_ON,8,Cycle 8 ON
2026-06-25 15:27:32,0.0,2.008,auto,CYCLE_8_OFF,8,Cycle 8 OFF
2026-06-25 15:27:32,0.0,2.008,auto,CYCLE_8_OFF,8,Cycle 8 OFF
2026-06-25 15:27:32,0.0,2.008,auto,CYCLE_8_OFF,8,Cycle 8 OFF
2026-06-25 15:27:32,0.0,2.008,auto,CYCLE_8_OFF,8,Cycle 8 OFF
2026-06-25 15:27:32,0.0,2.008,auto,CYCLE_8_OFF,8,Cycle 8 OFF
2026-06-25 15:27:32,0.0,2.008,auto,CYCLE_8_OFF,8,Cycle 8 OFF
2026-06-25 15:27:32,0.0,2.008,auto,CYCLE_8_OFF,8,Cycle 8 OFF
2026-06-25 15:27:32,0.0,2.008,auto,CYCLE_8_OFF,8,Cycle 8 OFF
2026-06-25 15:27:33,0.0,0.0,auto,CYCLE_8_OFF,8,Cycle 8 OFF
2026-06-25 15:27:35,0.0,0.0,auto,CYCLE_8_OFF,8,Cycle 8 OFF
2026-06-25 15:27:36,0.0,0.0,auto,CYCLE_8_OFF,8,Cycle 8 OFF
2026-06-25 15:27:38,0.0,0.0,auto,CYCLE_8_OFF,8,Cycle 8 OFF
2026-06-25 15:27:39,0.0,0.0,auto,CYCLE_8_OFF,8,Cycle 8 OFF
2026-06-25 15:27:41,0.0,0.0,auto,CYCLE_8_OFF,8,Cycle 8 OFF
2026-06-25 15:27:42,0.0,0.0,auto,CYCLE_8_OFF,8,Cycle 8 OFF
2026-06-25 15:27:44,0.0,0.0,auto,CYCLE_8_OFF,8,Cycle 8 OFF
2026-06-25 15:27:51,0.0314,2.008,auto,CYCLE_9_ON,9,Cycle 9 ON
2026-06-25 15:27:59,2.0068,2.008,auto,CYCLE_9_ON,9,Cycle 9 ON
2026-06-25 15:28:06,2.0068,2.008,auto,CYCLE_9_ON,9,Cycle 9 ON
2026-06-25 15:28:06,0.0,2.008,auto,CYCLE_9_OFF,9,Cycle 9 OFF
2026-06-25 15:28:06,0.0,2.008,auto,CYCLE_9_OFF,9,Cycle 9 OFF
2026-06-25 15:28:06,0.0,2.008,auto,CYCLE_9_OFF,9,Cycle 9 OFF
2026-06-25 15:28:06,0.0,2.008,auto,CYCLE_9_OFF,9,Cycle 9 OFF
2026-06-25 15:28:06,0.0,2.008,auto,CYCLE_9_OFF,9,Cycle 9 OFF
2026-06-25 15:28:06,0.0,2.008,auto,CYCLE_9_OFF,9,Cycle 9 OFF
2026-06-25 15:28:06,0.0,2.008,auto,CYCLE_9_OFF,9,Cycle 9 OFF
2026-06-25 15:28:06,0.0,2.008,auto,CYCLE_9_OFF,9,Cycle 9 OFF
2026-06-25 15:28:06,0.0,2.008,auto,CYCLE_9_OFF,9,Cycle 9 OFF
2026-06-25 15:28:06,0.0,2.008,auto,CYCLE_9_OFF,9,Cycle 9 OFF
2026-06-25 15:28:06,0.0,2.008,auto,CYCLE_9_OFF,9,Cycle 9 OFF
2026-06-25 15:28:06,0.0,2.008,auto,CYCLE_9_OFF,9,Cycle 9 OFF
2026-06-25 15:28:08,0.0,0.0,auto,CYCLE_9_OFF,9,Cycle 9 OFF
2026-06-25 15:28:09,0.0,0.0,auto,CYCLE_9_OFF,9,Cycle 9 OFF
2026-06-25 15:28:11,0.0,0.0,auto,CYCLE_9_OFF,9,Cycle 9 OFF
2026-06-25 15:28:12,0.0,0.0,auto,CYCLE_9_OFF,9,Cycle 9 OFF
2026-06-25 15:28:20,-0.0118,2.008,auto,CYCLE_10_ON,10,Cycle 10 ON
2026-06-25 15:28:27,2.0069,2.008,auto,CYCLE_10_ON,10,Cycle 10 ON
2026-06-25 15:28:27,0.0,2.008,auto,CYCLE_10_OFF,10,Cycle 10 OFF
2026-06-25 15:28:27,0.0,2.008,auto,CYCLE_10_OFF,10,Cycle 10 OFF
2026-06-25 15:28:27,0.0,2.008,auto,CYCLE_10_OFF,10,Cycle 10 OFF
2026-06-25 15:28:27,0.0,2.008,auto,CYCLE_10_OFF,10,Cycle 10 OFF
2026-06-25 15:28:27,0.0,2.008,auto,CYCLE_10_OFF,10,Cycle 10 OFF
2026-06-25 15:28:27,0.0,2.008,auto,CYCLE_10_OFF,10,Cycle 10 OFF
2026-06-25 15:28:27,0.0,2.008,auto,CYCLE_10_OFF,10,Cycle 10 OFF
2026-06-25 15:28:27,0.0,2.008,auto,CYCLE_10_OFF,10,Cycle 10 OFF
2026-06-25 15:28:29,0.0,0.0,auto,CYCLE_10_OFF,10,Cycle 10 OFF
2026-06-25 15:28:30,0.0,0.0,auto,CYCLE_10_OFF,10,Cycle 10 OFF
2026-06-25 15:28:32,0.0,0.0,auto,CYCLE_10_OFF,10,Cycle 10 OFF
2026-06-25 15:28:33,0.0,0.0,auto,CYCLE_10_OFF,10,Cycle 10 OFF
2026-06-25 15:28:35,0.0,0.0,auto,CYCLE_10_OFF,10,Cycle 10 OFF
2026-06-25 15:28:36,0.0,0.0,auto,CYCLE_10_OFF,10,Cycle 10 OFF
2026-06-25 15:28:38,0.0,0.0,auto,CYCLE_10_OFF,10,Cycle 10 OFF
2026-06-25 15:28:39,0.0,0.0,auto,CYCLE_10_OFF,10,Cycle 10 OFF
2026-06-25 15:28:41,0.0,0.0,auto,CYCLE_10_OFF,10,Cycle 10 OFF
2026-06-25 15:28:42,0.0,0.0,manual,COMPLETE,10,ESS Completed
2026-06-25 15:28:44,0.0,0.0,manual,COMPLETE,10,ESS Completed
2026-06-25 15:28:45,0.0,0.0,manual,COMPLETE,10,ESS Completed
2026-06-25 15:28:47,0.0,0.0,manual,COMPLETE,10,ESS Completed
